ID,Answer
0,白色羽毛
1,《諸羅縣志》
2,袁晁率起義軍
3,柏林陸軍學院
4,決勝盤
5,聶耳
6,1874年
7,西漢的版圖向西擴張
8,英國
9,起到醜化對手的作用
10,周星馳
11,三中老，維護大老和奉行之間的和睦。臨死前已瀕臨瘋狂的秀吉
12,無障礙環境
13,anticipation
14,20世紀90年代
15,硫化氫
16,華萊士
17,外面的部份溫度會比內部核心的低
18,經濟
19,100公里
20,愛爾蘭語
21,荷蘭
22,矽酸鹽
23,塞爾維亞反對黨
24,1910年代
25,外交活動
26,拉丁
27,路加
28,1964年
29,霍克菲爾德
30,文化大革命
31,《金驢記》
32,灣仔區
33,潮州
34,形容一種無限制的、自私、而野蠻的競爭情況
35,1964年
36,新北市
37,白色被稱為「小白宮
38,沒有
39,南人
40,宋端宗
41,四千名
42,46億年
43,1070年
44,社會保障法規
45,第一教學樓
46,1929年
47,卓越的航天技術
48,1932年
49,大型購物中心[UNK]開幕
50,曾應龍
51,自強學堂
52,1960年代
53,亞歷山大一世被刺殺
54,紐約市
55,基督教
56,預覽阿爾法版本
57,100萬
58,新北市教育主管機管
59,占領中環
60,宮中的禮儀、著裝，擔心失去國王
61,中國國民黨
62,中生代侏羅紀
63,阿拉貢國王
64,熱帶雨林氣候
65,意圖完全擺脫漢朝的控制
66,蔣中正
67,五代
68,前三點起落架
69,弘治十二年
70,亞洲
71,1994年
72,英國
73,氦
74,西班牙人入侵納瓦爾，當地很多家族的城堡包括沙勿略家，都在此時被摧毀，而他們的領地也從此失去
75,建設部門
76,高麗大學校主樓
77,侯寶林
78,羽柴秀吉
79,俾斯麥
80,金泳三
81,1958年
82,靈魂
83,科龍港
84,蓋爾人
85,十二平均律
86,西漢元封二年
87,隋滅南陳
88,佛教
89,1861年
90,豐臣秀吉
91,三吳地區
92,英國
93,大躍進運動
94,國立武昌高等師範學校
95,蘇利南
96,1934年
97,檸檬酸咖啡因療法
98,1913年
99,1949年
100,大象
101,1915年
102,1600年
103,有絲分裂
104,德國
105,芝諾比亞
106,崇德二年正月初一，皇太極趁江面結冰之際渡江攻漢陽，沈器遠
107,元代
108,佛學論書
109,臺中高農
110,漢諾瓦
111,三天
112,1944年
113,安娜·德·薩伏伊皇后
114,咸豐帝
115,哈林河
116,孟加拉
117,柴可夫斯基獎
118,中原
119,荷蘭語
120,威廉·洛厄爾·普特南
121,國主席
122,坦尚尼亞
123,陳寅恪
124,陽原王
125,重重
126,二千九百公尺
127,1939年
128,德軍在東線戰線上沒有足夠兵力應付俄國
129,福建林家
130,用來運貨
131,公民權
132,西人黨
133,2013年
134,臺北
135,查莫洛人
136,杭縣
137,蘇聯國旗
138,兩波
139,1941年
140,大戰
141,點石齋畫報
142,南越地區
143,1988年
144,上吊方式
145,喬治麥高文
146,沈括
147,《布告各省公啟》
148,阿拉里克
149,德蘇戰爭
150,髒層
151,工業國家
152,1949年
153,《最終解決德國問題條約》
154,清光緒十七年
155,雕像」，而非「巨人」，因此改名為康氏畸形龍
156,國共內戰戰況失利
157,65000平方公里
158,乙醚
159,唐太宗
160,德國人
161,1969年初
162,63位
163,副大法官
164,古希臘時代
165,斯瓦希里語
166,香港九龍半島東面的海灣
167,蔣中正
168,農業
169,網景通訊公司
170,1870年8月2日
171,1999年
172,《天淨沙》
173,七十年代
174,公元68年
175,南越國
176,紙
177,岑智明
178,法國稱1870年法德戰爭，在德國稱德法戰爭，是普魯士為了統一德國，並與法國爭奪歐洲大陸霸權而爆發的戰爭
179,公元前362年
180,創建強力政府
181,28歲
182,1948年7月
183,保加利亞
184,三大優點
185,10度
186,日本社會黨
187,西歐
188,波士頓
189,1992年
190,網球
191,屯田兵制度
192,明朝
193,文藝復興
194,2000年
195,1998年
196,道縣玉蟾岩
197,德國
198,森林
199,阿森納女子足球俱樂部
200,社會主義市場經濟
201,消費能力的居民
202,1920年
203,人民共和國
204,多倫多
205,用來提供鐵路列車動力
206,彌爾
207,反貪污特警隊
208,艾瑪·史東
209,時域上數學形式為連續函式
210,北魏原型
211,亞歷山大一世
212,法國的坎城影展
213,清涼
214,新北市位處副熱帶季風氣候區
215,「聯盟合作
216,甲午戰爭
217,克孜勒
218,主持一線工作
219,好在歷史是人民寫的
220,美觀
221,南屯區
222,西部地區
223,1982年
224,1428年
225,部落最高領袖或皇帝
226,塔特拉山
227,國立廣東大學
228,發明家
229,2006年
230,沒有
231,器官移植
232,1262年
233,增加米、糖等農作物產量
234,三倍
235,太陽質量
236,颱風
237,2016年
238,1973年
239,世界第六
240,年輕的大學
241,鋁土礦
242,二十世紀
243,布農族
244,黑死病
245,2007年
246,查普曼
247,據傳
248,2001年
249,波士頓塞爾提克隊
250,溥[UNK]
251,副主席
252,決勝局
253,廣東省政府委員會
254,韓國遊戲出口額
255,1951年
256,為漢語拼音方案
257,1984年
258,地面車站
259,下薩克森邦
260,法蘭西第二帝國
261,商業方面不是很特出，商業及人均[UNK]都不如東南亞的大城市，所以此時南洋的福建人平均的投資在上海及香港，在香港的主要是廣東廣府人和廣東閩人
262,全勝紀錄
263,地面雜訊就會癱瘓的窘境
264,哥白尼日心說
265,濃度低
266,雍正年間皇帝
267,明朝
268,1848年
269,1954年
270,1997年
271,共同民主黨
272,《南華早報》
273,無機化合物
274,佛像
275,阿聯
276,灣仔發展計劃
277,坦克集團軍
278,舊部
279,以天狼星在東方地平線的出現
280,自律心肌細胞
281,1975-1985年間
282,德語地區
283,女神大橋
284,1237年
285,東羅馬
286,晉安帝
287,德國
288,美國律師協會
289,1654年
290,清代
291,美川王
292,胡安·林茲
293,日本
294,1月1日
295,自行
296,諸葛長民
297,細胞外的鈣離子
298,383年5月桓沖率10萬兵攻襄陽，苻堅派苻睿、慕容垂等人防禦。苻堅認為時機已到，於8月
299,羅納爾迪尼奧
300,劉牢之率五千精兵攻破洛澗
301,主導權
302,利奧三世
303,拉丁字母
304,要提升飛機的飛行安全
305,丁基羥基甲苯
306,辛亥革命
307,斯德哥爾摩
308,第三紀中新世
309,中華民國
310,高麗時期
311,靳雲鵬
312,1958年
313,《馬德里議定書》
314,1083種
315,曹魏故都智慧之旅
316,亞德港
317,布爾什維克革命
318,金本位制度
319,彌爾
320,視錐細胞
321,1928年
322,商品期貨
323,十多個
324,1932年
325,楊宇霆
326,大力發展體育事業
327,元世祖
328,沒有允許
329,數學
330,中華人民共和國
331,經濟
332,目前沒有觀察到任何語言純[UNK]以力道來區分不同輔音
333,朱一貴
334,農業生產和飼養家畜
335,失分
336,銃炮
337,1961年
338,1980年代
339,傑斐遜郡
340,[UNK]人國
341,1976年
342,希伯來文
343,心肌梗塞
344,2015年
345,武漢
346,1868年
347,約斯特范大克島
348,中華民國
349,倫敦大學
350,1930年代
351,岡仁波齊峰
352,1973年
353,突厥
354,大島造船所
355,「南斯拉夫人
356,證券交易所
357,硫
358,丹尼索瓦人混血的相似性
359,忽必烈
360,中國
361,2000年
362,外淋巴
363,礦產資源
364,1954年
365,韓國
366,維京戈達島
367,1956年
368,史都華
369,1910年
370,中亞
371,沙阿摩訶末抵擋不了蒙軍攻勢
372,1958年
373,2011年
374,環境保護
375,巴爾的摩市
376,中華民國政府
377,社團部
378,她以為托爾金已經忘了她
379,電子郵件
380,元武宗
381,2號口
382,1860年
383,中國對處決犯人一直採取保密的措施
384,貝拉明並沒有禁止伽利略將日心說當成數學科幻，但如果他膽敢將它作為物理觀點的話，就得小心。在隨後的幾年中，伽利略
385,60年代
386,雙循環泵功能
387,1809年
388,日本國內市場狹小而無法發展
389,民國36年
390,德國總參謀長小毛奇卻害怕德軍在東線戰線上沒有足夠兵力應付俄國
391,較大的地域差距
392,伯克制
393,最初使用噴射發動機為動力，擺脫螺旋槳在接近音速時的上限
394,國家起源說
395,巴斯德
396,中部科學園區
397,宣統三年九月十九日
398,1991年
399,高麗官修正史
400,第二次工業革命
401,突厥語
402,哈雷阿卡拉國家公園
403,約翰·坎貝爾
404,8小時
405,「百變天后
406,民國18年
407,國立廣東大學
408,亞伯拉罕諸教
409,六億七千多萬美金
410,妖怪
411,專家
412,中世紀佛蘭芒語
413,空氣
414,學名混亂
415,阿爾泰語系
416,清太宗皇太極
417,信陽
418,7000名
419,美國空軍
420,質量
421,科技
422,媽祖
423,君士坦丁堡
424,計劃委員會
425,雲天
426,蘇丹南部
427,大都督府
428,[UNK]
429,2005年9月
430,恆星
431,那拉氏
432,辛酉政變
433,銅的礦物
434,統一企業
435,2456293.520833
436,生物學研究
437,陳誠
438,孫中山
439,昭和時代
440,軍力
441,九一八事變
442,1978年
443,日本天皇
444,731美元
445,伊利諾伊州
446,嘉義市
447,保護農業生產
448,肺呼氣機制
449,五角星
450,波斯薩珊王朝
451,航海工業
452,埃姆斯蘭高速公路
453,匿蹤性能較佳
454,中國共產黨中央政治局常務委員會
455,1919年－1939年
456,直線
457,北京路
458,伯克制
459,臺南州
460,布朗茜
461,南緯30度
462,一次大戰期間
463,第四盤
464,中華人民共和國
465,保守派
466,昇陽電腦公司
467,全唐詩
468,1911年
469,1982年
470,七年
471,西班牙
472,利、約翰·巴丁和沃爾特·布喇頓工作團隊
473,梁朝偉
474,吳三連
475,1917年
476,張跟米勒醫師
477,1月8日
478,掃雷艇部隊
479,鐵堅古山之役
480,多黨制
481,民國15年
482,80年代
483,更早
484,東晉時期
485,四重電傳飛控系統
486,開城工業園區
487,烏孜別克人
488,2555公里
489,國共內戰
490,118年
491,茲維亞德·加姆薩胡爾季阿
492,總長度一般不大於100米，以避免造成路口交通不暢
493,多用途導彈
494,偽也
495,清朝
496,1935年
497,「雙北合作交流平台
498,將傳統的靜穩定推向靜不穩定設計，提高總體可用升力和飛機的運動能力
499,中國政法大學
500,瓜拿納
501,二戰時期
502,鈉鹽
503,盛行的時期
504,民國4年12月25日
505,佛倫丁畫家西格里
506,1972年
507,軍政
508,貝爾根
509,青蓮居士
510,靖難之役
511,十億韓國」戰略
512,低稅賦
513,小選舉區制
514,科索沃
515,產階級自由化」運動
516,自由放任
517,綠色工業
518,四年
519,段祺瑞
520,喬治麥高文
521,新店居民
522,1902年
523,蝸頂
524,1950年代
525,1993年底
526,後座雷達官
527,2002年
528,氫硫酸
529,軍事冒險
530,學習維基媒體的頁面編輯工具被認為有挑戰性
531,黨費
532,有性生殖
533,經濟建設
534,《中華民國臨時政府組織大綱》
535,粥店
536,愛國教育
537,帕吉勒提河
538,西南美麗的地方
539,「天
540,歐洲
541,1932年
542,許榮茂
543,1955年
544,多倫多運輸局
545,前一世紀
546,柵欄
547,1898年
548,老虎
549,保羅•狄拉克
550,7世紀唐太宗
551,健康寫實電影
552,1956年7月
553,老人星，絕對星等是−5.53，比太陽亮了14000倍。儘管老人星實質上比天狼星要亮許多，但是看起來是天狼星比較亮，這是因為天狼星與地球的距離是8.6光年，而老人星
554,中生代
555,伊爾庫茨克國立大學
556,泰赤烏
557,23406人
558,1789年
559,兩個
560,永康方巖
561,朝鮮日治時期
562,藝聲
563,屈萬祥
564,總兵官
565,《金驢記》
566,黑龍江省十字加環線
567,漢風魏韻
568,自然科學研究
569,反文化運動
570,英國
571,唐文宗
572,轟炸機
573,利用小型雷達測距儀
574,義大利
575,中世紀
576,外淋巴
577,劉義宣
578,18個
579,至元二十九年
580,保守派
581,貝加爾湖
582,陶瓷
583,1980年代
584,法國
585,西佛羅里達
586,1997年
587,驛路
588,9年
589,-聖母大學
590,中華民國初年
591,101公里
592,國務院常務會議
593,20倍
594,「喬治亞共和國
595,1943年
596,全面性
597,不相稱情況通常見於患有佝[UNK]病和畸形骨骼疾病或傷害的婦女，或者由看護和醫療器械在第二階段所施加的時間限制所導致。生下來之後，孩子立刻會產生廣泛的生理變化以獨立呼吸
598,聯邦憲法未指明屬聯邦政府之權力
599,韓國
600,四肢
601,英國人
602,瀕危物種
603,越戰
604,公民權
605,可再生能源發電
606,極端大陸性氣候
607,永康方巖
608,1929年
609,法國電信
610,霍布斯
611,1897年
612,中山盛產海鹽
613,華北財經辦事處
614,市場分析
615,上海南站
616,2006年
617,家庭喜劇片
618,同性婚姻
619,婦女
620,反對建文帝削藩
621,建築學院
622,朱熹
623,自由民主黨
624,傳播色情
625,動物細胞
626,省內城際間客運專線
627,第五區
628,法國大革命
629,1985年
630,漢武帝
631,京畿道
632,允許蘇聯駐軍
633,巴黎
634,西方文明開始衝擊朝鮮半島
635,常[UNK]
636,1936年
637,預言
638,非商用
639,五桂山
640,第二產業
641,嘉義市
642,製造業
643,29個
644,民國29年5月，以原普思邊區轄境置第一行政督察區，專署駐寧洱縣，領寧洱、思茅、景東、景谷、鎮遠、六順、瀾滄、緬寧、雙江、車里、佛海、南橋12縣及寧江、滄源2設治局。民國31年
645,幾月幾日
646,《希臘、羅馬名人傳》
647,音節
648,第二次世界大戰
649,5000噸級
650,敘利亞
651,2015年年底
652,古漢語
653,1662年
654,阿列克修斯三世的女婿阿列克修斯·杜卡斯
655,阿拉里克
656,喜馬拉雅山脈
657,1937年
658,1964年
659,19世紀
660,油氣開發
661,高度
662,明孝宗
663,阿圖什地方，經常有來自周邊地區
664,1934年
665,1925年
666,照射紫外線
667,九一八事變
668,春秋
669,對大自然的崇拜
670,閩江口
671,1899年
672,牟定縣
673,尼布楚條約
674,中央窩
675,利奧三世
676,「殖民主義
677,奧德
678,30米
679,2000公厘
680,自主性
681,道格拉斯
682,赤城鎮政府街1號
683,纖維心包
684,羅非魚
685,潘普洛納
686,長白山優質天然礦泉
687,1848年
688,《臺灣府志》
689,義大利
690,第265任
691,6比6時
692,民國39年
693,瀋陽郵電印刷廠
694,民主共和黨
695,超新星
696,全斗煥
697,2007年
698,勝利鐘
699,索馬利亞政府司法系統
700,382年
701,軍隊編制問題
702,丁日昌
703,韓國
704,1980年代
705,蘇永康
706,1927年
707,畢達哥拉斯
708,2009年
709,湘西土家族苗族自治州
710,揚州割據勢力
711,中果咖啡低。咖啡也含有痕量的茶鹼，但不含可可鹼
712,中亞地區
713,金礪
714,前半小時
715,公共健康與醫學領域
716,《新基本法令》
717,1962年
718,洪武三十一年
719,共產黨
720,奧匈帝國
721,蒙古王國
722,新恆星
723,咖啡因
724,司馬元顯
725,階梯狀
726,泉州人
727,6個小時
728,1651年
729,憲法
730,呂驥
731,90年代後期
732,金日成
733,第一
734,愛德華·懷克-史密斯
735,西班牙瓦倫西亞
736,1787年
737,王保保
738,復仇
739,1898年
740,守舊派
741,古巴國
742,端敬王后
743,中生代
744,約瑟夫史達林
745,中華人民共和國
746,故意拖延
747,抑制人口增加
748,蘇聯遠東軍
749,國務院辦公廳
750,維多利中心的福建社團聯會
751,棕矮星
752,工藝產品
753,華人富有、加上不少華人傾向中共，各國為推行反共政策
754,5～8％
755,日本
756,超新星的沖激波觸發
757,鮮卑部落
758,法蘭西人
759,1918年
760,1939年
761,東三省陸軍講武堂
762,巴黎條約
763,1970年
764,麥迪遜分校
765,乾燥
766,回[UNK]
767,奢侈品
768,資格賽賽制
769,周劭綱
770,民國16年
771,公元前三世紀
772,三監之亂
773,周恩來
774,馬略
775,至元十三年
776,列如
777,1970年代
778,圖西族
779,聖餐持紀念說
780,自殺者
781,《三國史記》
782,恆星
783,長沙太守
784,熱遲滯
785,1978年
786,上海
787,德國
788,濃硫酸
789,認為每一種事物都是由原子所組成的
790,「兄弟國的盟約
791,2011年
792,硫是今天工業中使用的硫
793,公元1421年
794,義大利
795,農業
796,卡拉恰伊湖
797,宋理宗趙昀，原名趙與莒，1222年被立為寧宗弟沂王嗣子，賜名貴誠，1224年立為寧宗
798,西羅馬帝國
799,臺北
800,共和黨
801,百濟
802,二戰的爆發
803,1976年
804,上海
805,1949年
806,麻省
807,青銅時代或鐵器時代
808,第二次義大利衣索比亞戰爭時國際聯盟指責義大利軍隊將國際紅十字與紅新月運動的醫療帳篷作為攻擊目標，貝尼托·墨索里尼則回應稱：「國際聯盟在麻雀大聲喊叫時運作的很好，但在老鷹掉下來時一點用都沒有。在1920年代
809,礦產資源
810,1449年
811,1970年
812,隆武帝
813,第一次世界大戰
814,孫叔敖
815,托爾金
816,雙汗制
817,78歲
818,四肢不全
819,中華全國體育總會
820,外在
821,人文關懷
822,1972年
823,《產假和保護婦女兒童權利法》
824,軍閥混戰
825,中國共產黨解放軍
826,韓國
827,人民頻繁的遷移
828,前2世紀
829,境外節目，當局有一套嚴密的制度
830,保證共和派控制國民議會
831,匈牙利
832,1927年
833,突厥汗國
834,蘇區
835,臺北縣改制新北市
836,太陽
837,1940年
838,妖怪學
839,1987年
840,待在社福機構
841,東部
842,關漢卿
843,張學良
844,陳平順
845,核心區域的溫度通常都是數百萬克耳文
846,厄德
847,整個站體都位於天橋上的車站
848,1955年
849,蒙古入聯合國
850,金石並用時代
851,天皇
852,強盛大國元年
853,德國人
854,2013年
855,羅馬帝國
856,重力
857,路加
858,擔心引起教會勢力的強烈反彈
859,1987年
860,韓國
861,祖沖之
862,圖西族
863,嚴格和專制的人
864,阿瓦魯阿所在的最大島拉羅東加
865,馬麒
866,基因特質
867,印地語
868,貝拉明
869,華國鋒
870,某塊田中培育秧苗
871,過渡期。過渡期
872,民國43年
873,地質類學科專業
874,北京天文臺任研究員
875,種植物
876,君士坦提烏斯
877,2000年6月
878,一日生活圈」變成了「半日生活圈
879,美西戰爭
880,尊漢思想
881,蒂羅爾
882,戀人之一
883,供應服務過多
884,「1910年革命」
885,鎬京
886,遊牧民族
887,杜慧度
888,憲政
889,英國
890,斯塔福德郡
891,義熙十四年
892,劉少奇
893,1922年
894,1974年
895,代表著一切非理性力量的總合
896,東柏林
897,冷戰時期
898,1989年
899,恆星殘骸
900,顯微注射
901,馬可波羅
902,新羅馬
903,上海鐵路局
904,離岸人民幣
905,為了確保比利時的中立
906,德語聖經
907,精子庫的權利
908,一百億年
909,作戰單位
910,120天
911,1950年代
912,第四次十字軍東征
913,行為不檢點
914,文藝復興式
915,西漢
916,1590年
917,1985到1989年
918,西部魯爾區
919,柏林國際廣播電台
920,最遙遠
921,春秋時期
922,描繪出元朝中國的繁華景象
923,超連結到其他維基頁面的語法
924,商業
925,1948年
926,67個
927,1月1日
928,1884年
929,義大利拉帕洛
930,大慶油田
931,私立大學
932,歐登堡的邦立圖書館
933,早期韓國華僑的聚集所在
934,李雄
935,許榮茂
936,李準
937,英語
938,粳稻和[UNK]稻
939,宋真宗
940,每10萬人中有60人
941,約翰·胡佛局長
942,9月
943,因為19世紀歐洲東方學家和錢幣學家發現該汗朝的許多大汗多帶有喀喇的稱號
944,剛毅
945,路易十四
946,韓國
947,0.07個
948,閩南人
949,民國28年
950,李煥之
951,公共汽車
952,核質
953,石排灣
954,塞爾維亞語
955,八角鼓
956,一個外交上孤立，內部紛爭不斷且捲入內戰的蘇維埃俄國
957,文化大革命
958,1640年
959,徐載弼
960,庫里勒台
961,匈奴人
962,芝加哥大學
963,造船業
964,射擊斷續器
965,紐格威森林
966,2013年
967,拿破崙
968,克里先
969,166年
970,服務代表天文台以科學為基礎，以服務為目的之宗旨
971,市場經濟
972,1961年
973,亞歷山大六世
974,1789年
975,悼念周恩來集會
976,70年代初
977,1958年底
978,繼承西晉，為州、郡、縣三級制
979,涵元門
980,郭沫若
981,漢文
982,12次
983,科學社會學
984,1138公頃
985,《中華人民共和國村民委員會組織法》
986,荷蘭
987,聯合國專家
988,《審死官》
989,內陸地區
990,國大黨
991,無法適應低溫
992,模特作為年輕美貌資源特別集中且競爭超級殘酷的行業
993,共同祖先說
994,1258年
995,元朝
996,1929年
997,1972年
998,新式鐵製蒸汽船
999,文森特
1000,環境保護主義
1001,詹姆士·麥迪遜
1002,1947年
1003,蘇聯紅軍
1004,農業區
1005,1991年
1006,印第安納大學
1007,太陽
1008,修道主義
1009,1999年
1010,亞歷山大漢密爾頓
1011,中國
1012,1960年
1013,黨委員長
1014,紐約尼克
1015,蓋戳形式
1016,合肥
1017,100萬到1兆倍
1018,1960年代
1019,鐵弗
1020,9月6日
1021,中國
1022,基因靶向，工程化核酸酶
1023,伊薩克二世
1024,馬克西米安
1025,外部刺激
1026,蔣中正
1027,臺灣本身財政負擔
1028,春
1029,躲避戰亂
1030,朝鮮半島
1031,1985年
1032,狄拉克
1033,七世紀
1034,1823年
1035,表音文字
1036,三人團
1037,舊石器時代
1038,166年
1039,荀子
1040,集團軍
1041,重慶公立法政專門學校
1042,尷尬事件
1043,屋大維
1044,韓語
1045,倫敦霍洛威
1046,基督徒
1047,烏爾蘇拉
1048,1980年
1049,印度洋
1050,維持現狀
1051,日本
1052,南北戰爭
1053,軍事介入失敗
1054,南華縣
1055,英國
1056,李紳
1057,路面電車
1058,帝位世襲
1059,1060公釐
1060,1939年
1061,平原王
1062,荊州劉表
1063,元廷令沿海
1064,北平綏靖公署主任張學良轉任軍事委員會北平分會副委員長
1065,英美法系
1066,石油危機
1067,唐朝
1068,奧斯陸峽灣
1069,1920年
1070,硫代硫酸氨
1071,文字使用現象
1072,89萬人
1073,1916年
1074,1627年
1075,環境污染
1076,西班牙維京群島
1077,唐生智
1078,夏季
1079,臺灣新北地方法院
1080,次級領導人
1081,6世紀
1082,24所
1083,甘肅省
1084,決勝局
1085,1所。市直幼兒園2所，鄉鎮幼兒園103所
1086,義大利耶穌會士范禮安神父
1087,一個
1088,破四舊
1089,三次
1090,為了獲得大寧地區的駐牧權
1091,俗語
1092,郭松齡
1093,活性鋁
1094,雲南省第二殖邊督辦公署
1095,清朝
1096,1968年
1097,多用途導彈驅逐艦
1098,1932年
1099,吉田定房
1100,世稱恭順」
1101,惰性氣體
1102,二戰
1103,財產資格限制
1104,漢朝
1105,汗位取得不合法
1106,奧東·德拉羅什
1107,灣仔北」發展區
1108,帕塔普斯科河
1109,1945年
1110,義熙十一年
1111,戰時研發商
1112,赫爾辛基
1113,《男人四十》
1114,中國
1115,1846年
1116,日俄戰爭
1117,文淵閣大學士
1118,合會朱陸
1119,阿希佩戈拉公國
1120,阿拉伯半島
1121,塞爾維亞
1122,加州尤巴城
1123,高一等級
1124,天下人
1125,魏道明
1126,尼古拉斯·尼葛洛龐帝
1127,朱序
1128,石油危機
1129,業化的提出和實踐受到大多數國人的抨擊和反對，以至於中國教育部改變說法：「教育部反對教育產業化
1130,1992年
1131,康拉德·阿登納
1132,山東半島
1133,聖奧古斯丁
1134,大約公元185年
1135,弱勢群體
1136,大正天皇
1137,第一教學樓
1138,北齊
1139,德川家康
1140,內戰
1141,中華人民共和國衛生部
1142,近代宗教
1143,斯拉夫人
1144,第4
1145,聯邦制
1146,1799年
1147,英國
1148,巴伐利亞王國
1149,洪武三十一年十二月
1150,德國
1151,1909年
1152,民國33年
1153,00000001號
1154,六四事件而大受衝擊
1155,9局比賽需換一批新球。不過比賽開始後
1156,拋秧
1157,七個
1158,周恩來
1159,卡加梅
1160,12個
1161,羅馬轉寫表示
1162,幾月幾日
1163,財務報表
1164,理性精神和集體意識
1165,海軍中尉
1166,德川家康
1167,攜帶原子彈的戰略轟炸機
1168,1836年
1169,敘利亞
1170,大陸
1171,德里克·羅勃茲
1172,伊斯蘭教
1173,阻止森林砍伐
1174,哥廷根亨德爾國際音樂節
1175,滬昆高速公路
1176,人類的分娩
1177,法國
1178,歐德謨
1179,道本頓
1180,張家灣
1181,青春勵志片
1182,《血盟救國軍軍歌》
1183,廣州
1184,聽診器
1185,法蘭西第二帝國覆亡
1186,唯泰主義
1187,8200年的古栽培稻後，以及國際水稻基因定序工程
1188,海峽兩岸服務貿易協議》
1189,也先親自統領的中路軍
1190,自由主義
1191,1874年
1192,神經衝動可以在時間上錯開，分別與聲波不同的周期同步，每一聲波周期因而都可以有一定數量的纖維同步發放
1193,卡斯特拉
1194,李克強訪問智利期間，智利總統巴切萊特在總統府舉行國宴歡迎李克強並現場播放國歌時，因突遇音響故障無法播放。後李克強
1195,河東道
1196,已開發國家
1197,希波丹姆
1198,自然環境
1199,日本
1200,國共合作形成
1201,1個
1202,46公里長
1203,十六世紀
1204,維吉尼亞，1601年生下了次女利維亞
1205,八千多年
1206,福建省
1207,1924年
1208,編戶
1209,發展局
1210,受到陽光持續的照射也會使凍結的二氧化硫昇華
1211,北京電視台
1212,舟山縣
1213,十月革命
1214,英國
1215,美國大學協會
1216,公共教育經費方面
1217,郭松齡
1218,開京
1219,美國大蕭條時期
1220,平抑物價
1221,拉丁人
1222,各種的組織
1223,蔣中正
1224,全印穆斯林聯盟
1225,後受通古斯人壓力
1226,布利亞特民族
1227,繩文時代新石器時代的抽象裝飾線條到彌生時代及古墳時代
1228,氣泡狀範圍
1229,建設中國特色社會主義
1230,劉裕
1231,東正教
1232,君士坦丁堡
1233,漢傳佛教
1234,三代
1235,東正教
1236,臺灣
1237,鄧小平
1238,南斯拉夫
1239,武陵
1240,殺蟲
1241,法國大革命
1242,自由韓國黨
1243,否決權的常任理事國的成員資格
1244,二十世紀
1245,消極防禦戰略
1246,加拿大
1247,1875年
1248,義大利汽車之都
1249,火箭發動機
1250,機械門控通道
1251,在軌道上驅動列車
1252,聖喬治拉丁文學校
1253,1284年
1254,1948年12月1日
1255,武宗系
1256,庚辰靖社
1257,魏博拉盧比民達行業工會
1258,山背文化
1259,配子
1260,西部內陸高原屬熱帶山地氣候，尚吉巴的20多個島嶼屬熱帶海洋性氣候，非洲
1261,瓊州海峽
1262,道格拉斯
1263,普林斯頓大學建築系
1264,公元586年
1265,釣魚台國賓館
1266,伊達政宗於1600年建立，由於全市綠化比例高，而有「杜之都」之譽。仙台藩主伊達政宗
1267,量子物理學的進展
1268,民國3年
1269,日本金融廳
1270,潘章
1271,班傑明·富蘭克林
1272,高雄
1273,1960年代
1274,日美神奈川條約
1275,北京
1276,晶體狀態
1277,哈利里德
1278,低可偵測性
1279,柏拉圖
1280,波蘭人
1281,六四事件而大受衝擊，1990年發生了907事件
1282,四年八月二十五日
1283,改良式腳踏車
1284,《這一夜，誰來說相聲？》
1285,二人
1286,1860年
1287,已開發國家
1288,八月
1289,精神哲學、計算機科學、神經科學，一道被歸入的上層學科認知科學
1290,廣州話
1291,張伯倫
1292,粳稻
1293,挪威
1294,700多個
1295,中國郵政儲蓄銀行
1296,屢愆軍期
1297,民主德國以聯邦德國的一部分的身份加入歐洲經濟共同體
1298,亞裔安納托利亞人
1299,福島縣會津地區
1300,1913年
1301,土地銷售
1302,阿拉曼人
1303,洛杉磯快艇
1304,天花病
1305,牡丹峰樂團
1306,印度
1307,歐登堡
1308,周敦頤
1309,藝術家村
1310,朱利烏斯·凱撒
1311,豫
1312,年4月13日
1313,1133515人
1314,文言文
1315,排灣族
1316,牛津大學
1317,普選制度
1318,高宗
1319,2015年
1320,1969年
1321,左派黨
1322,三合院
1323,內容差異大
1324,488年
1325,病態賭徒
1326,全國人民代表大會
1327,民用任務
1328,黃庭堅的曾祖父黃中理
1329,《雅爾達協定》
1330,西班牙
1331,1905年
1332,世界強國美國
1333,鐵
1334,普羅斯佩·梅里美、維歐勒·勒·杜克
1335,廣東省
1336,聖母大學
1337,羅馬法
1338,心理學
1339,希臘
1340,拉丁字母
1341,《中俄密約》
1342,詹姆斯·史都華
1343,聯邦和各成員單位的雙重國籍
1344,24英吋克拉克望遠鏡
1345,生物質
1346,秘書處
1347,就地掩埋
1348,66種
1349,類比訊號
1350,回族
1351,視錐細胞
1352,人口眾多，市區的交通流量十分龐大。每逢尖峰時段或假日，經常會有大量人潮、車潮流動於市區內或臺北、新北兩市之間，導致市區內各重要幹道常出現交通阻塞
1353,威廉二世
1354,政治局擴大會議
1355,《我於青春無悔》
1356,君士坦丁大帝
1357,國際網球總會
1358,8月26日，瑪切克成為副首相。同日
1359,阿爾法版本
1360,鐵鉉
1361,外交手段
1362,1887年
1363,2008年
1364,畢達哥拉斯
1365,2010年
1366,1918年
1367,對刺激的回應
1368,雍州刺史魯宗
1369,荷蘭東印度公司對日本幕府散播西班牙企圖顛覆德川幕府陰謀
1370,大韓帝國
1371,2012年
1372,生物動力學
1373,印度洋暖濕氣流
1374,太白山脈中部聳立著五座相似的高峰被稱為五台山，最高峰飛盧峰海拔1563米。太白山脈向西南延伸的部分被稱作小白山脈，長約350公里，主要山峰有智異山、俗離山、德裕山、伽[UNK]山等。以五台山為始點向西南延伸到忠清南道的山脈是車嶺山脈，長約220公里。位於濟州島
1375,換回俄國承認中國在外蒙的宗主權
1376,全金屬
1377,民國十八年至二十六年間
1378,太白山脈中部聳立著五座相似的高峰被稱為五台山，最高峰飛盧峰海拔1563米。太白山脈向西南延伸的部分被稱作小白山脈，長約350公里，主要山峰有智異山、俗離山、德裕山、伽[UNK]山等。以五台山為始點向西南延伸到忠清南道的山脈是車嶺山脈，長約220公里。位於濟州島
1379,一萬兌一
1380,25個
1381,[UNK]東北停戰協定
1382,1996年
1383,1985年
1384,4世紀
1385,表示自己不受中央的指揮管轄
1386,公元前三世紀
1387,旁邊
1388,20世紀初湧入多倫多的移民主要是德國人、義大利人和來自東歐的猶太人。華人、俄羅斯人、波蘭人和其他東歐國家的移民後來相繼抵達。縱使人口增長迅速，直至1920年代
1389,1997年
1390,牛津大學
1391,張學良
1392,泰國
1393,1914年
1394,用以批判美國的外交政策，並慫恿美國總統到訪廣島市
1395,2300多種
1396,對能源的需求持續增長
1397,女性
1398,40倍
1399,1959年
1400,[UNK]稻品種表皮發紅
1401,1843年
1402,忽必烈
1403,四·五天安門事件
1404,王光美
1405,理察·科伯恩·麥克勞林
1406,西德
1407,1624年
1408,15%
1409,江青
1410,奈及利亞
1411,亞洲
1412,1979年
1413,重力作用
1414,桑
1415,下薩克森與威斯伐倫兩邊沒有明顯的人文風情
1416,2013年2月11日
1417,二次大戰後，美國國會1950年
1418,爭取民族權利
1419,南開中學
1420,哲學家
1421,10萬
1422,元世祖
1423,抗佝[UNK]病
1424,南島語系的馬來-玻里尼西亞語族
1425,45%，預期壽命也從2000年的46.6歲
1426,預算限制
1427,控制意識型態
1428,兩河文明、黃河文明。也可以指文化類似的人群，例如基督教文明、儒家文明。文明是物種的生活習性並延展出來的一切衍生物
1429,元代
1430,43人
1431,限制性消化
1432,桓玄皇后劉氏
1433,女性
1434,兩層
1435,麻赫穆德·喀什噶里
1436,中國共產黨
1437,《鋼鐵是怎樣煉成的》
1438,1994年12月1日
1439,最高榮譽
1440,錫克教
1441,1986年
1442,《西部開拓史》
1443,遠古百越族
1444,省級公園
1445,米高彭博原
1446,伊斯蘭教
1447,徐樹錚
1448,明太祖
1449,歷史博物館
1450,阿內加達島
1451,相關研究
1452,外國不可能介入內戰
1453,南朝鮮
1454,關島原住民
1455,僱傭保險
1456,日印巴
1457,初中
1458,九龍灣
1459,海南鐵路辦事處
1460,佛教
1461,越南陳朝
1462,11000間
1463,有色人種
1464,共產國際
1465,先發制人
1466,中央電視台高清綜合頻道
1467,夷陵之戰
1468,《蘇蒙修好條約》
1469,主體史學
1470,心室底壁組織
1471,1662年
1472,1884年
1473,第二產業
1474,德國
1475,伍斯特
1476,[UNK]總能量
1477,形形色色的共產黨
1478,議潮募兵
1479,新幾內亞
1480,正德十一年
1481,瘟疫四竄
1482,法國
1483,喜馬拉雅山
1484,莫萊-明托改革
1485,沙俄軍隊
1486,200萬立方公尺
1487,黑龍江
1488,1992年
1489,北角區
1490,新界原居民，其後裔可享有原居民的權利。至於1898年或以後移居在新界
1491,陳誠
1492,大和國
1493,佛教
1494,人
1495,兩性異形
1496,網路龐克類型電影
1497,母親病危
1498,第十五屆奧運會
1499,鬍鬚狀
1500,阿拉巴馬州
1501,鋤草祭
1502,[UNK]-4戰鬥機
1503,600年
1504,上海站新站房啟用，完成車站功能交接。隨後，老北站改建成為上海鐵路客車技術整備站，主要用作客車整備
1505,1980年
1506,1954年
1507,俄羅斯聯邦軍隊
1508,北方墨點法
1509,路易斯一世
1510,《時代》雜誌
1511,法西斯主義
1512,《布列斯特-立陶夫斯克條約》
1513,路易·勒沃
1514,布列塔尼半島美國石油公司
1515,後燃器
1516,曼諾球場
1517,東吳
1518,愛德華一世
1519,自體授粉
1520,1934年
1521,想取快錢而經營
1522,徐家匯
1523,比爾蓋茲
1524,忽必烈
1525,廣東人
1526,南斯拉夫內戰
1527,《塘沽協定》
1528,烏蘭烏德
1529,1897年
1530,巴拉克·歐巴馬
1531,2003年3月4日
1532,考慮造形、機械功能之外，還得另外考慮到產品生命周期和創造使用者的需要
1533,環境保護署否決九廣鐵路的落馬洲支線穿過[UNK]原濕地，董為免類似的尷尬情況再出現，於是將兩個相關部門置於同一局長之下。董建華自己也承認決策局合併的方式「不太科學
1534,杭州[UNK]橋機場
1535,匈人阿提拉
1536,不願送死
1537,總督之下為省長，省長管理所屬行政區域的地方官員
1538,興王
1539,衛奕信
1540,歐幾里得幾何
1541,2009年
1542,文物保護
1543,忽必烈
1544,花垣
1545,未來以任何方式著陸埃歐的探測器都不需要安裝隔熱板來保護儀器
1546,惠金斯原理
1547,松花江
1548,。
1549,兩年
1550,2010年
1551,推行漢法以維護其典章制度
1552,喬托號
1553,國家絕密
1554,外蒙古扎薩克圖汗
1555,信仰聖西門主義
1556,日治時期
1557,蔡[UNK]
1558,德國
1559,《刑部大理寺狀》
1560,澳大利亞新南威爾斯州
1561,太陽運動可以提供這顆恆星的年齡和起源的有用資訊
1562,聖方濟·沙勿略
1563,羅馬共和國時期
1564,外觀
1565,韓國
1566,南固臺，建於1918年人稱鬼屋
1567,薩伊
1568,最後一次
1569,五個
1570,張三祿
1571,15世紀
1572,《風雲人物》
1573,劉琮
1574,高血壓
1575,江陵
1576,《中華人民共和國全民所有制工業企業法》
1577,保護環境
1578,城市物質形態
1579,環境保護主義
1580,773年
1581,懷柔區
1582,七間
1583,民間反應不佳
1584,清代
1585,1970年代
1586,希臘語
1587,西班牙
1588,神經源性
1589,加拿大
1590,七個
1591,安定
1592,西德
1593,乾旱
1594,《內戰記》
1595,新北市
1596,甲午戰爭
1597,因為政府採取反共措施
1598,1910年
1599,拉丁字母
1600,1935年
1601,四角號碼檢字法
1602,8.6%
1603,浙江海商
1604,巴西
1605,歐洲聯盟委員會
1606,中國傳統文化所特有的寓意、象徵的表現手法
1607,法國
1608,加加林
1609,七年戰爭
1610,漢[UNK]山
1611,胃食管反流病
1612,國民政府
1613,漢江
1614,青光眼
1615,社會主義
1616,財務部
1617,1984年
1618,射擊斷續器
1619,5位
1620,芽孢炭疽桿菌
1621,1589年
1622,金代
1623,米高梅
1624,1988年
1625,「撫順」號
1626,比亞法拉共和國
1627,耶穌會
1628,一戰前夕
1629,鐵鉉
1630,張伯倫
1631,《義勇軍進行曲》
1632,棉花
1633,卡洛·埃馬努埃萊一世
1634,郭沫若
1635,中國領土
1636,先來後到
1637,分子雲內部的重力不穩定開始，通常是因為超新星的沖激波觸發或兩個星系的碰撞。一但某個區域的密度達到或滿足金斯不穩定性的標準，它就會因為自身的重力開始塌縮
1638,貝加爾湖
1639,厄德
1640,古希臘文化
1641,當時儒教興盛
1642,巴夏禮拒收
1643,克里斯蒂安尼亞
1644,無限制潛艇戰
1645,哈大客運專線
1646,韓國
1647,1947年
1648,普法戰爭
1649,威尼斯
1650,班傑明·富蘭克林
1651,有些人的皮膚對鎳過敏
1652,1852年
1653,咖啡因
1654,「革命外交」政策
1655,1972年
1656,降將
1657,汪精衛
1658,體育部
1659,斜方晶八面體和單斜棱晶體
1660,直系
1661,水牛城勇士
1662,孫中山
1663,七月初六
1664,訪客觀賞區
1665,殖民政策
1666,[UNK]染色體
1667,行使否決權
1668,16世紀
1669,混合草原草原
1670,配子
1671,佛蘭德伯國
1672,孟郊
1673,佩德納萊斯河，德克薩斯州石牆郡
1674,皖系軍閥
1675,楚州人
1676,1964年
1677,1967年
1678,奧古斯都
1679,哲布尊丹巴
1680,司馬休之將其處死。然而，司馬休之並沒有殺文思，只是上表廢掉文思的譙王爵位，並寫信向劉裕道歉。這舉動令劉裕對其大感不滿，立刻就命江州刺史孟懷玉
1681,在布政司和部門之間加入「決策科」，負責制訂政策
1682,1861年2月9日
1683,閏3月19日
1684,既有的漢字
1685,安托萬·拉瓦錫
1686,伊斯蘭教
1687,流體靜力
1688,宋真宗
1689,美利堅合眾國眾議院
1690,機關
1691,盧安達法郎
1692,皖南獨立團為基幹的皖浙贛獨立團
1693,德川家康
1694,經濟蕭條
1695,世族
1696,1853年
1697,福建閩南地區
1698,民國34年
1699,1270年
1700,動力系統
1701,三個
1702,香山縣南朗翠亨村
1703,清帝國
1704,漢武帝
1705,江河級驅逐艦
1706,2017年
1707,21473平方公里
1708,數學主任
1709,颶風依莎貝爾帶來的潮水
1710,世界氣象組織
1711,絲綢
1712,海河流域
1713,拖雷系諸王
1714,700家
1715,中國溧陽茶葉節
1716,全市綠化比例高
1717,十二道金牌班師回朝
1718,澳大利亞
1719,大汗
1720,民國三十六年11月21日至23日依憲法規定舉行第一屆中華民國國民大會代表選舉，民國三十七年1月21日至23日則舉行第一屆中華民國立法委員選舉；同年3月29日
1721,7980年
1722,1962年
1723,青島海軍基地
1724,河西地區
1725,[UNK]西日本對於有設置[UNK]系統可以進行連線購票的簡易委託車站
1726,張作霖
1727,波蘭進入戰時狀態
1728,西方遊客
1729,神經節細胞
1730,黎元洪
1731,于鳳至
1732,中華民國台灣
1733,第二次世界大戰
1734,1961年
1735,白光
1736,鄧演達
1737,1966年
1738,奈特·麥克米蘭
1739,無佛像時代
1740,1977年
1741,白色
1742,自由聯合關係
1743,[UNK]
1744,英國
1745,2013年
1746,《劃一現行各道地方行政官廳組織令》
1747,高朱蒙
1748,柏林封鎖解除後沒多久的5月23日
1749,蒸汽膨脹
1750,隋[UNK]帝
1751,石碇里
1752,日本
1753,心臟學會
1754,大英帝國
1755,《八篇書》
1756,俄國
1757,國聯
1758,路易十四以依據和西班牙簽署的合約為由，派兵進駐西屬尼德蘭，在未解決大同盟戰爭遺留的爭端和分歧情況下，路易
1759,合作派
1760,治療心理疾病
1761,工業革命
1762,1個
1763,1990年代
1764,麻赫穆德·喀什噶里
1765,24%
1766,高麗國
1767,後現代主義
1768,1828年
1769,第二名
1770,學生代表大會
1771,西安招待所
1772,1349年
1773,湯瑪斯傑佛遜
1774,民間盛行安太歲習俗，不少民眾在新春期間
1775,郵值標籤
1776,赫羅尼姆斯·沃爾夫
1777,1989年
1778,公元前240年
1779,農耕節
1780,俄國革命
1781,為了制衡德軍
1782,石勒
1783,西洋棋殘局
1784,敵我矛盾
1785,已滅絕動物以及其各級分類階元的科學命名，涉及科、屬、種以及亞種和動物產物。根據假想概念、畸形標本作出的命名以及對雜種、亞種
1786,西塞羅句法
1787,一百億年
1788,湖熟
1789,英國
1790,木衛一
1791,愛滋病毒
1792,1993年
1793,外蒙古
1794,張聞天
1795,烏托邦
1796,法家
1797,五個省
1798,通古斯地區過於偏遠
1799,安大略湖
1800,肉食
1801,語言
1802,沈攸之
1803,季風降雨
1804,浮動
1805,史崔克蘭
1806,詹姆斯·史都華
1807,公權力
1808,59歲
1809,法國
1810,1928年
1811,5個
1812,[UNK]
1813,曼哈頓
1814,清咸豐年間
1815,君士坦提烏斯
1816,陳逸安
1817,移民
1818,甲醇
1819,太祖王
1820,牛隻列印問題
1821,馬來半島的英國
1822,合作派
1823,中國
1824,1590年
1825,1941年
1826,細胞核
1827,蒸汽膨脹
1828,俄國發生十月革命
1829,俄羅斯
1830,劉少奇為了維護毛的權威，仍然參與到以空前的高調呼籲對毛的個人崇拜的浪潮中來
1831,新北市幅員遼闊，選舉人數超過三百萬，故稱全國最大票倉。改制前的臺北縣，曾在解嚴後連續16年由民進黨執政，但整體而言近年來在縣市等級的首長選舉當中，選民結構是藍略微大於綠。由於新北市的外來人口眾多
1832,1943年
1833,多倫多市
1834,文化
1835,大質量
1836,赫伯特·喬治·威爾斯
1837,純的硫是黃色的晶體
1838,資產負債表
1839,德川家康
1840,日本
1841,−26.7
1842,臺北市仍在
1843,朝鮮
1844,1789年
1845,漢諾瓦國立劇院
1846,泰勒斯
1847,49.7%
1848,條約
1849,鮑羅廷
1850,義大利
1851,金合歡最多，並且也有一些稀有或瀕危的植物物種，如貓尾樹和幾內亞雞冠蘭等。三個國家公園中所發現的大型哺乳動物
1852,13倍
1853,黃埔軍校
1854,《紅樓夢》
1855,一百多年
1856,1920年
1857,雲南
1858,14世紀末至20世紀初
1859,電子郵票
1860,儒字
1861,諾曼人的威脅
1862,東非國家
1863,布爾什維克革命，退出了第一次大戰。馬克思主義的興起引致俄國
1864,成熟階段
1865,努力把這些心找回來
1866,吠陀梵語
1867,1950年代
1868,羅伯特·波義耳
1869,湯·韋迪加
1870,托木斯克州
1871,提奧多雷
1872,民用任務
1873,11.5萬
1874,中國通俗文化
1875,伊莉莎白
1876,義大利
1877,2000年
1878,1932年
1879,冬季戀歌
1880,路易-菲利普
1881,阿布巴卡爾
1882,台北曲藝團
1883,《古魯·格蘭特·薩希卜》
1884,1865年
1885,翟中和
1886,1924年
1887,德國財政局
1888,平均月收入
1889,楊宇霆
1890,法國
1891,詹姆斯·梅特蘭·史都華，暱稱吉米·史都華，美國電影、電視、舞台劇演員、美國空軍准將。詹姆斯·史都華
1892,周恩來
1893,軍期
1894,二氧化碳
1895,民主進步黨
1896,國務會議
1897,洛厄爾天文台
1898,輪椅網球比賽
1899,三名
1900,中日甲午戰爭
1901,中華民國
1902,電氣化鐵路
1903,資治通鑑》
1904,2007年
1905,中華民國實業部
1906,1966年5月至1973年4月，是中國人民解放軍防管時期。1966年5月，中央決定撤銷公安部隊，邊境防衛和管理任務交由中國人民解放軍擔負。第五次調整是1973年
1907,金融中心
1908,大學生的城市
1909,約翰·洛克菲勒
1910,20世紀初
1911,1816年
1912,埃德溫·哈勃
1913,越南主政者
1914,孟德爾定律
1915,議會制
1916,1977年
1917,東西伯利亞喇嘛教則例
1918,莫斯科
1919,五分之一
1920,《德意志語言正字大詞典》
1921,星際爭霸[UNK]遊戲
1922,克倫威爾路
1923,《渡假留香》
1924,日本
1925,美國硫酸是所有生產得最多的化合物
1926,奧匈帝國
1927,水門事件
1928,中山港大橋
1929,閻錫山
1930,1997年
1931,托爾金
1932,龍興之地
1933,限於入境法令
1934,阿伊努人
1935,1933年
1936,3.8%
1937,風力發電
1938,艾森豪
1939,3400萬
1940,擊球方法
1941,威廉·洛厄爾·普特南
1942,二二八事件
1943,紅色
1944,澎湖
1945,氰化物
1946,理學
1947,1998年
1948,2016年11月
1949,毛澤東
1950,1950年
1951,高輻射的環境而失敗了
1952,維基媒體
1953,二氧化碳
1954,1939年
1955,清朝末年
1956,城堡
1957,哲學原理研究
1958,1997年
1959,常住人口
1960,加勒比海
1961,1431年1月1日生於阿拉貢王國瓦倫西亞小鎮克薩蒂瓦。羅德里哥於1455年
1962,鄧穎超
1963,代表宇宙秩序
1964,傳統音樂
1965,提防燕王謀反
1966,法國
1967,阿爾巴尼亞
1968,恢復市場的功能，以邁向生產力理論
1969,北非
1970,中華民國政府
1971,1661年
1972,淋巴液，叫外淋巴
1973,蒙古人與漢人的人數比例極不平均
1974,1901年
1975,十八歲
1976,蘿蔔切絲
1977,端午節
1978,阿布海兒汗時代
1979,裝在噴射發動機後面的第二個燃燒室
1980,1312年
1981,1970年
1982,內陸地區
1983,以色列
1984,無性別的宦官與宮女的結合
1985,兩個
1986,對日抗戰
1987,1989年
1988,元世祖
1989,小數
1990,黨主席毛澤東
1991,中國
1992,國際非政府組織
1993,2014年12月
1994,中部科學園區
1995,台北市立體育場
1996,曹議金
1997,冷戰期間
1998,1928年
1999,收容遣送制度
2000,中國國民黨
2001,《朱啟[UNK]：「被抹掉的奠基人」》
2002,狄拉克
2003,金黃飽滿
2004,移民實邊
2005,水軍
2006,中國青年黨
2007,矽燃燒過程
2008,劉少奇
2009,洛桑國際管理學院
2010,1950-1980
2011,著陸
2012,顛覆中共政府的政治目的
2013,雷根民主黨人的選民在雷根任內前後仍是民主黨員，他們大多數是來自東北部和中西部的白人
2014,幾何學
2015,1998年1月1日
2016,《風之國度》
2017,拜占庭
2018,阿格旺多傑
2019,首席的元老
2020,10世紀時傳到西班牙，11世紀
2021,阿普列尤斯
2022,德國人
2023,光度取決於恆星的半徑和表面溫度。但是許多恆星表面輻射的流量是不均勻的[UNK]總能量
2024,克萊斯勒貸款法案
2025,省務會議
2026,1610年1月7日
2027,荷蘭
2028,東歐國家
2029,1835年
2030,六四天安門事件
2031,類比訊號
2032,通俗的」
2033,每秒30轉
2034,哭泣
2035,1948年
2036,1987年
2037,洪堡
2038,1842年7月11日
2039,唐玄宗
2040,1968年
2041,不動產
2042,其英文縮寫首字母為「[UNK]·ㄎㄟ·ㄨㄞ」
2043,林肯總統
2044,下薩克森邦風景怡人
2045,元末民變
2046,規模化
2047,軍校
2048,1599年
2049,3個
2050,香港國際機場
2051,暴力革命
2052,段祺瑞
2053,普魯士
2054,高句麗
2055,外蒙現狀
2056,溧陽
2057,學會部
2058,林肯總統
2059,科什圖尼察
2060,6000條河流及1600個
2061,確立婦女投票權
2062,500毫升
2063,永恆
2064,民國十四年
2065,蒙古人
2066,正德十一年
2067,分布
2068,希伯來語
2069,經濟學人智庫
2070,鄧小平
2071,蒙哥汗在合州的釣魚城之戰戰死
2072,瀧川
2073,莫高窟
2074,孔細胞
2075,進入中國的心願
2076,2次
2077,1924年
2078,梅里亞姆-韋伯斯特
2079,期貨交易
2080,洋馬兒
2081,義大利行省經濟的敗壞
2082,1935年
2083,鹿兒島
2084,主流傳媒
2085,縱貫鐵路山線段
2086,《1956年清潔空氣法》
2087,艾薩克·牛頓解釋認為在每個方向分布的恆星將重力彼此互相抵銷掉了。義大利天文學家傑米尼安諾·蒙塔納利
2088,逃港者
2089,柏拉圖
2090,教法
2091,中國戰場
2092,亨利四世
2093,阿爾卑斯山
2094,軍校
2095,1984年
2096,何鳳山稱：西沙群島主權屬於中國，漢馬伏波
2097,一億光年
2098,1995年
2099,紅矮星
2100,日語
2101,阿爾法級別
2102,19世紀
2103,草本
2104,涵元殿
2105,奧斯卡·赫特維希
2106,1971年
2107,英國
2108,段祺瑞
2109,免疫
2110,民國18年
2111,俄羅斯人數量
2112,1913年
2113,法國東部
2114,灣仔
2115,拉丁語
2116,索馬利亞人
2117,婆羅摩笈多
2118,貝聿銘
2119,世界的中心
2120,第53
2121,工業革命
2122,主教座堂
2123,一次世界大戰時期
2124,大量安眠藥
2125,蓋瑞福尼亞州洛杉磯的[UNK]籃球隊，分屬於西區的太平洋組，主場為史坦波中心
2126,《科學怪人》
2127,姆士·波爾克·詹森
2128,水平飛行
2129,日本
2130,時報告書》
2131,江蘇淮安
2132,朱齡石
2133,中共中央副主席
2134,毒氣
2135,細胞膜
2136,普洱專區
2137,僱傭安定
2138,倫敦溫布頓
2139,燕軍
2140,1569年
2141,佐世保重工業
2142,申城
2143,德川家
2144,河川
2145,岩石圈
2146,香港日治時期
2147,聯邦儲備系統
2148,1925年
2149,新界鄉村的代表組成
2150,德國
2151,亞熱帶
2152,1975年
2153,日本
2154,反共思想
2155,朝鮮半島分裂前的官方語言韓國
2156,卡拉恰伊湖被世界觀察研究所定為地球上「污染之最」，在二十世紀五十到六十年代成為蘇聯垃圾場
2157,王藍
2158,胡錦濤
2159,陳太建
2160,大氣層
2161,漢文
2162,絲綢之路
2163,5642米
2164,殺蟲劑中毒
2165,寮國
2166,代表工會
2167,積水潭
2168,約翰一世
2169,南奧塞提亞自治區
2170,浮動匯率制度
2171,農業
2172,5月間
2173,通古斯語族
2174,永興」
2175,雲南省
2176,德國
2177,土地改革
2178,林邑國
2179,艾瑪·史東
2180,在自己的占領區內建設面積足夠大
2181,聯邦在內戰中取勝
2182,玉泉北路
2183,1789年
2184,280天
2185,旅遊業
2186,泰勒斯
2187,國家地質總局
2188,2007年
2189,興王
2190,維基媒體基金會
2191,一省
2192,布拉馬普特拉河
2193,高昂的嫁妝
2194,兒教育
2195,「最佳演唱團體獎
2196,無配偶身份的姬侍
2197,防火能力
2198,精神醫學
2199,[UNK]-4
2200,什潘別爾克
2201,德國柏林影展
2202,雌雄間性
2203,音
2204,李杜
2205,四帝共治制是羅馬皇帝戴克里先創立的一個治理模式。由於他看出羅馬帝國過去兩、三百年間世襲制度
2206,韓國海關
2207,列支敦斯登
2208,2009年
2209,牛胃氣膨脹
2210,南源玉帶河
2211,音韻
2212,為了要正確地表示宇宙真實名相的真情實意
2213,女性模特兒
2214,印第安納大學俱樂部
2215,低可偵測性
2216,1950年代
2217,西緣縱貫該市，並在西南設有一處彰化交流道
2218,高科技產業
2219,東芝
2220,新北市
2221,川本芳昭
2222,伊斯蘭教
2223,100%
2224,商業貿易
2225,公開支持
2226,2002年
2227,620年
2228,民國42年1月
2229,第一公民
2230,現代主義
2231,天主教
2232,美利堅聯盟國
2233,加里恩努斯之子薩洛尼努斯
2234,1949年
2235,1928年
2236,數學科幻
2237,心室底壁組織
2238,新加坡
2239,湯瑪斯·勃蘭契特·瑞德
2240,周恩來
2241,超音速
2242,[UNK]-51戰鬥機
2243,繩文時代
2244,民國37年
2245,中國曲藝表演藝術，於清朝道光年間，在北京出現，其前身為八角鼓
2246,1897年
2247,李察·賓特利
2248,印尼
2249,康熙四十八年
2250,荊州
2251,摩利爾法學院
2252,22個非協商國
2253,克里米亞戰爭
2254,中華民國國軍中的空軍
2255,北京
2256,1945年
2257,倭寇
2258,閉關鎖國
2259,1972年
2260,2013年
2261,前蘇聯總書記史達林
2262,佳木斯
2263,1918年
2264,棕矮星
2265,非金屬類材料
2266,阿拉貢王國
2267,聯合國人權委員會
2268,鐵堅古山之役
2269,電漿態的氫
2270,頭
2271,費城學院和研究院
2272,二氧化碳
2273,穀類作物
2274,拿破崙三世
2275,[UNK]染色體
2276,後代
2277,熱帶雨林氣候
2278,王白駒
2279,袁術
2280,第二心音
2281,咸康七年
2282,全金屬
2283,道格拉斯
2284,稻
2285,東羅馬帝國
2286,三個
2287,民國25年
2288,松花江
2289,夏洛特
2290,宋理宗
2291,歐洲太空總署預算明顯地不切實際，所以重新設計任務，最終的任務類似原本已經取消的[UNK]任務：小行星飛越，接著彗星會合及實地調察，包括一個登陸器。羅塞塔號依照[UNK]規則在無塵室
2292,2008年
2293,南北韓高級別會談機制
2294,紅水河
2295,新蒙古人種
2296,斯芬·佩斯
2297,20世紀70年代初
2298,軒尼詩道
2299,27千兆瓦
2300,副熱帶濕潤氣候
2301,1200萬名
2302,督憲
2303,2007年
2304,29.48萬人
2305,1988年
2306,周[UNK]人
2307,杜篤瑪
2308,12個
2309,西伯利亞
2310,櫻花大道
2311,古埃及
2312,國際網球協會
2313,原籍
2314,諷刺
2315,官僚主義者階級
2316,刺史
2317,無肺[UNK][UNK]
2318,1180年
2319,三歲
2320,失眠
2321,雷焦卡拉布里亞國家考古博物館
2322,阿克爾自治市
2323,香港人
2324,都市計劃
2325,西班牙
2326,布爾人
2327,胎兒與產婦的健康狀況
2328,校園一卡通
2329,22
2330,屢愆軍期
2331,惰性氣體
2332,新杜老誌夜總會
2333,孫中山
2334,金銀珠寶
2335,10世紀
2336,民國二十六年
2337,郵政機關發行，供寄遞郵件貼用的郵資憑證
2338,噪聲
2339,軍事將領
2340,漾水河
2341,空軍
2342,音樂方面
2343,《四十二章經》
2344,阿爾杜伊尼卡家族
2345,工業發展
2346,海因利希・弗格勒
2347,第五套。其中第1套，第2套
2348,景洪市
2349,《韓國憲法》
2350,爭取陽光
2351,《精靈寶鑽》
2352,1918年
2353,1563米
2354,原始宗教
2355,1區
2356,考數根法》
2357,杭州
2358,空間
2359,二次大戰後，美國國會1950年通過關島組織法，成立美式行政、立法、司法三權政府，並給予關島原住民和以後出生的人美國公民權。關島總督最初二十年由美國總統任命，到1970年
2360,威廉·馮特
2361,民意機關
2362,法國大革命時期
2363,明朝
2364,2013年
2365,朱德
2366,陳湯銘
2367,漢武帝時期
2368,1958年
2369,東經116度27分
2370,西排立
2371,助詞和語尾
2372,主序帶
2373,電磁波理論模型
2374,大清帝國
2375,1927年
2376,2014年
2377,會展新翼
2378,2007年
2379,法國
2380,先發制人
2381,西方
2382,為了鞏固自己及子孫的統治
2383,蒙古語
2384,甲醇
2385,元太宗
2386,15625億日元
2387,印度教經文
2388,1222年
2389,676年
2390,北非作戰階段
2391,依法治國
2392,1987年
2393,工程化核酸酶
2394,人民
2395,十二碼一役
2396,網球的球
2397,球皺褶
2398,梁[UNK]
2399,40年
2400,2901.3平方公里
2401,新北市
2402,郭守時
2403,工農兵
2404,大陸冷氣團南下，有強烈東北季風吹襲
2405,「學習偉大領袖毛澤東
2406,19世紀
2407,檀君古朝鮮
2408,清順治帝
2409,朝鮮勞動黨中央委員會委員
2410,清宣宗時代
2411,蒙漢兩元政治
2412,黑色貝雷帽
2413,三國史記
2414,第十五屆國際動物學會議通過了此前由國際動物命名法委員會主席布拉德利提交的法規草案。至此，世界性的動物命名規則完成了「法國規則－國際動物命名規則－國際動物命名規約」的轉變，以法規的形式穩定下來。此後，國際動物命名規則經歷了四次
2415,林彪
2416,分工合作，即人們和睦地生活於社會集團中的狀態，也就是一種先進的社會和文化發展狀態，以及到達這一狀態的過程
2417,1972年
2418,錫克教
2419,細胞分裂
2420,社會輿論
2421,1603年
2422,一分
2423,火山國家公園
2424,2003年
2425,競速機的比賽與獎勵
2426,新石器時代
2427,孔齊
2428,李·德富雷斯特
2429,1958年
2430,世界氣象組織
2431,通貨膨脹
2432,1820年代
2433,環境食物局
2434,[UNK]
2435,天主教
2436,第二產業
2437,1958年
2438,2010年
2439,蒼翠濃郁的柏樹林
2440,7920公里/小時
2441,仙台市
2442,史和平
2443,蓋銷
2444,哈爾濱
2445,1967年
2446,義和團事變
2447,混合苦膽的酒
2448,洪武三十一年，朝鮮發生「戊寅靖社」，李成桂決定立即引退並將王位讓給二子李芳果，就是朝鮮定宗。定宗即位後便遷都回開京。建文二年
2449,關島組織法
2450,2008年
2451,第五次調整
2452,米蘭·內迪奇
2453,19世紀下半葉
2454,商業貿易中徵收的關稅和貿易稅
2455,合不勒汗
2456,高句麗
2457,日本國最為著名，也最慘烈。忽必烈在位時期和中亞的察合台汗國，窩闊台汗國多次交戰，雙方互有勝負，1289年，窩闊台汗國
2458,民國15年
2459,俄羅斯人
2460,巴納德
2461,量子光學
2462,糧食
2463,哈德遜河傾瀉多氯聯苯導致美國環保局在1974年禁止該河捕魚。台灣的愛河
2464,全國地圖正保御國繪圖
2465,民國3年6月24日
2466,投保人的保險費
2467,主序帶的階段
2468,坎貝爾
2469,港島區
2470,1221年
2471,當地的權貴家族和被認為是「外人」的薩沃亞家族之間的戰爭
2472,《中華人民共和國憲法》
2473,二十歲
2474,雙打比賽
2475,中村法道
2476,瓊山
2477,元世祖
2478,391年
2479,英國精神醫學期刊
2480,1850年6月1日
2481,1284年
2482,13小時
2483,氦
2484,戰基處營區
2485,蒙古貴族
2486,約翰一世
2487,黑死病
2488,第二次世界大戰
2489,卡胡盧伊
2490,硫化鉛
2491,氮化硫
2492,1976年
2493,1972年
2494,都市計劃
2495,使用色指數
2496,哲布尊丹巴
2497,情感支持
2498,一位
2499,司馬休之
2500,煤煙消除會
2501,公民化
2502,捷安特
2503,國民政府時期
2504,海因里希·赫茲
2505,傻瓜塔
2506,黃子澄
2507,家居烹調方式的菜式
2508,匹茲堡
2509,白塞爾
2510,市區改正計劃
2511,《動員戡亂時期臨時條款》
2512,[UNK]靼海峽
2513,1989年
2514,花垣鎮
2515,東部
2516,毒品
2517,7%
2518,韓國
2519,代表她連開28場與30場演唱會，事業如日中天
2520,大熊貓
2521,中國
2522,農民階層
2523,孔恩
2524,索契
2525,比利
2526,重慶理工大學
2527,支持臺灣獨立
2528,新天皇光明天皇
2529,西伯利亞
2530,蘇丹達爾富爾
2531,1905年
2532,《臺灣自救運動宣言》
2533,詳細規劃
2534,十億年
2535,1486年
2536,米蘭
2537,20世紀
2538,1500公里
2539,「南極條約協商會議」
2540,布里亞特人
2541,建炎二年
2542,民國時期
2543,1850年6月1日
2544,公元前279年
2545,中國大陸
2546,西元前1534年
2547,斯壯羅山天文台
2548,1906年
2549,釋迦牟尼
2550,1963年
2551,1640年
2552,交通不便
2553,威尼斯人
2554,東涌線
2555,代表她連開28場與30場演唱會，事業如日中天
2556,1841年2月10日
2557,1997年
2558,2005年7月21日
2559,宋代
2560,國家預防腐敗局
2561,自然界中的風速並不穩定
2562,「大學生研究計劃」
2563,爽文市
2564,1994年
2565,王亞南
2566,石水渠街
2567,八零年代
2568,1234年
2569,日本
2570,瑞派克路
2571,[UNK]業務分拆出來，與政府支援的基金合組聯營公司[UNK][UNK]打造夢幻組合後，[UNK][UNK]將超越夏普，成為全球最大、專攻手機及平板電腦市場的中小型尺寸[UNK]螢幕
2572,1960年代
2573,中國自治組織
2574,康熙三十二年
2575,全國同行業
2576,中國郵政集團公司郵票印製局外，負責印製郵票的還有河南省郵電印刷廠與遼寧省瀋陽郵電印刷廠
2577,1952年
2578,十二月屠殺
2579,多用途導彈
2580,十月革命
2581,金正恩舊戀人
2582,收藏者
2583,2500年前
2584,1904年4月1日
2585,臺北市仍在
2586,木星強烈的輻射，這些輻射
2587,紹興十一年
2588,軍事首長
2589,臭氧層
2590,日本青年社
2591,廣東籍
2592,雷焦卡拉布里亞
2593,自由主義
2594,1990年代
2595,秋明州
2596,倫敦煙霧事件
2597,故鄉
2598,自由
2599,韓國
2600,不穩定性
2601,大馬哈魚常於9－10月回到黑龍江、烏蘇里江等河中產卵
2602,亨利克萊
2603,歐美國家
2604,濟州島
2605,哈德斯菲爾德的總教練赫爾伯特·查普曼
2606,風速並不穩定
2607,廿八歲
2608,濟南
2609,2016年
2610,印度國民軍士兵大審判」
2611,榮休教宗
2612,國立廣東大學。該校是研究中心密度極高的研究型大學，被中華民國教育部
2613,2比1
2614,美利堅合眾國眾議院
2615,1861年
2616,1991年
2617,臺灣
2618,1953年12月
2619,白[UNK]紀末滅絕事件
2620,2003年3月4日
2621,曼莫漢·辛格
2622,刺激性
2623,「七七事變」
2624,民主黨
2625,1895年
2626,1895年6月
2627,萊茵魯爾
2628,濟州島
2629,拒絕投降
2630,慈禧皇太后
2631,1600分
2632,吉特
2633,失分
2634,第一次鴉片戰爭
2635,特殊黨員
2636,中國文化
2637,蔡素玉
2638,加拿大
2639,工藝上的難度不獲好評
2640,中國特色社會主義理論
2641,國慶50周年
2642,4個
2643,溫州
2644,下薩克森邦
2645,《宅地法》
2646,中途公園
2647,駐越美軍
2648,燈罩
2649,高房價
2650,2015年
2651,2016年9月30日
2652,社會改革工作
2653,解放軍
2654,1946年
2655,伊斯蘭教
2656,東勝寺一役
2657,6-8月
2658,近代宗教
2659,暴雪娛樂公司
2660,第二次世界大戰
2661,歐洲人
2662,理論心理學
2663,北方墨點法
2664,1990年
2665,唐朝
2666,戰鬥機
2667,克列孟梭
2668,240℃
2669,國家邊海防委員會
2670,顏振聲
2671,中部科學園區
2672,1822年
2673,特瓦族
2674,彌勒佛像
2675,麻州
2676,義大利
2677,庫侖阻力
2678,沒有完整校舍
2679,紅衫軍運動」
2680,耶穌會
2681,西塞羅
2682,英軍司令部
2683,土地改革政策
2684,土耳其
2685,2013年
2686,忠孝橋
2687,梅布爾
2688,1963年
2689,高崗
2690,1930年
2691,海水淡化
2692,大學文憑
2693,花崗岩錐狀島嶼
2694,無爭議性
2695,1755年
2696,印尼
2697,人本主義
2698,首爾塔洞公園
2699,接納蒙古人民共和國加入聯合國
2700,大清帝國
2701,機械電視
2702,1993年底
2703,2013年
2704,普法戰爭
2705,什錦麵
2706,國家統治者透過集體利益性的方式，達到社會目標的實現
2707,中東
2708,八年
2709,鄧演達到廣州。當時，鄧演達
2710,阿爾比派
2711,大馬哈魚
2712,美軍
2713,甘蔗
2714,足利高氏早已不滿北條氏專制政權
2715,一個用戶正在編輯，第二個用戶儲存頁面同一段落的編輯，之後當第一個用戶嘗試儲存網頁時
2716,史都華
2717,昆明公交公司
2718,2010年
2719,巴洛克風格
2720,《七五憲法》
2721,2008年
2722,納粹黨
2723,清政府
2724,拿破崙
2725,黃金十年高峰時人平均[UNK]是[UNK]，為大陸2.5倍，到1945年因戰時的盟軍破壞
2726,曹丞相府景區
2727,1980年代
2728,五色旗
2729,威廉一世
2730,定向天線
2731,第1630號
2732,1702年
2733,二戰
2734,新加坡
2735,同盟國
2736,1944年
2737,臺灣國語
2738,聖三一學院
2739,河運
2740,玉里伯里
2741,國際動物命名委員會
2742,黃金自由貿易
2743,馬端臨
2744,阿布達比文化基金會
2745,大韓帝國
2746,英國也有類似郵票前身製品
2747,第265任
2748,運動一號
2749,死亡
2750,40人
2751,阿拉瓦克印第安人
2752,軒尼詩道
2753,[UNK]集團
2754,三角翼
2755,12個
2756,蘿蔔糕
2757,伽利略
2758,1875年
2759,裏海
2760,1863年
2761,1880年
2762,16世紀末葉
2763,1829年
2764,阿爾卑斯之都
2765,2008年10月25日溧陽市舉辦「天目湖中歐經濟論壇」的熱身會議「安博思論壇[UNK][UNK]中歐經濟智慧對話」，同年11月15日舉辦「2008一村一品國際研討會」。2009年
2766,毛利家
2767,侏[UNK]紀
2768,尹伊桑
2769,拿破崙在1852年，於波爾多
2770,4個月
2771,11月祭」
2772,中華人民共和國
2773,愛格思海金斯公司
2774,阿拉巴馬州
2775,2014年
2776,辭藻
2777,關羽
2778,傑斐遜·戴維斯
2779,1867年
2780,70%
2781,膚色比較暗
2782,第三世界國家
2783,國民黨
2784,入學考試
2785,人類糧食的生產永遠無法趕上人口的增加，致使糧食供不應求，進而發生飢荒或戰爭，導致一部分人口死亡
2786,敘利亞
2787,曼帝國
2788,1986年
2789,南北朝
2790,1946年11月8日
2791,基督教
2792,心血管疾病
2793,石油天然氣研發中心
2794,南宋
2795,有機物
2796,義大利戰爭中，也在17世紀到18世紀中擔任了護衛王室的任務，以其紀律和忠誠出名。法國大革命
2797,超級基金法
2798,中國
2799,納粹德國
2800,募兵制
2801,1933年
2802,1994年、1996年和2001年
2803,三藩之亂
2804,1765年
2805,天主教會
2806,聯合國安全保障理事會決議的維持治安及穩定、人道主義援助、恢復重建等活動
2807,世界著名的網球公開賽
2808,華沙
2809,伯力
2810,外交政策
2811,流音
2812,8世紀
2813,約翰二世·科穆寧皇帝
2814,彼得大帝夏宮
2815,北海道帝國大學
2816,2008年
2817,信陽
2818,地區邊界
2819,飛控系統
2820,動物命名法
2821,2016年
2822,1789年
2823,蒙哥繼承汗位
2824,國際生物科學聯合會
2825,燕王無病」
2826,金靴獎
2827,齊格蒙特三世
2828,天文學
2829,文人政府
2830,萊茵河
2831,氧化亞氮氣體
2832,第一次有明確結果
2833,姜姓
2834,攻占納哈出的金山
2835,跨越時間
2836,內燃機
2837,銀熊獎
2838,1968年
2839,靜止心率
2840,《舊金山和約》
2841,6座人口超過10萬的大城市
2842,1989年
2843,武昌起義
2844,得到河州總鎮衙門特許
2845,殺傷力大
2846,第一波新政
2847,幾何
2848,1976年
2849,中國大陸
2850,第2758號決議案
2851,1980年代
2852,楊森
2853,1859年
2854,考古學家在印度海岸線上挖掘出大量的羅馬錢幣證明了羅馬與印度之間存在貿易往來。為了更好的與羅馬帝國進行貿易活動
2855,學權部
2856,宗[UNK]
2857,粵西
2858,波羅的海
2859,印度河文明
2860,约瑟夫·斯卡利格
2861,齊燮元
2862,維多利亞港
2863,中文搜尋引擎
2864,20%
2865,分發式政策
2866,希臘文
2867,2002年
2868,比利時人
2869,1000米
2870,馬關條約
2871,羅斯福試著將民主黨
2872,大陸性季風氣侯
2873,214微克
2874,1席
2875,過渡時期憲法
2876,益州
2877,段氏
2878,1957年
2879,不知道散彈槍可以發射小顆粒的霰彈，一戰中被鹿彈擊中的人實際都變成蜂窩
2880,海口市
2881,學術排名評比
2882,雌雄同體
2883,人類基因被發現
2884,戰鬥機是指主要用於保護我方運用空權以及摧毀敵人使用空權之能力的軍用機種
2885,素可泰王國
2886,2000年
2887,15年
2888,第一次世界大戰
2889,1960年代
2890,第26屆
2891,武漢大學
2892,第三心音
2893,1989年
2894,史達林
2895,市區內各重要幹道常出現交通阻塞的情形
2896,英國
2897,廣州鐵路公司
2898,不載人太空飛行
2899,當有許多好女孩時，跳舞是一件樂意的事
2900,孫傳芳
2901,元日戰爭
2902,阮攸
2903,阿拉里克
2904,9月
2905,《農書》
2906,哲布尊丹巴活佛
2907,中世紀中期
2908,蓋瑞費雪的第一部登山車，及他本人都進入了美國登山車協會
2909,突厥語
2910,台南
2911,中華人民共和國衛生部
2912,蕃人公學校
2913,1987年
2914,嚴格的考試
2915,1850年6月1日
2916,直布羅陀海峽
2917,把普選局限於男性
2918,在一固定期間內，一家機構的現金增減變動情形
2919,1923年
2920,鏡廳
2921,安帝
2922,中華民國初年
2923,托列斯海峽
2924,自由民主黨
2925,印度洋
2926,20到30歲
2927,大致平坦的地貌
2928,磷礦石
2929,跨國
2930,社會主義共和國
2931,1512年
2932,消亡階段
2933,肌萎縮性脊髓側索硬化症
2934,軍事防衛
2935,馬庫斯·瓦勒里烏斯·馬提亞利斯
2936,《關於托勒密和哥白尼兩大世界體系的對話》
2937,慢病毒載體
2938,電燈泡
2939,種族
2940,胡錦濤
2941,盧安達貪污腐敗的程度較低，不過人權組織報告稱該國的反對派團體受到壓制、言論自由也遭到恐嚇和限制。該國自前殖民時期以來就一直由嚴格的行政級別進行管理，全國按2006年劃定的邊界分成五個省。此外，盧安達
2942,戴爾廣場足球俱樂部
2943,厄爾布魯士峰
2944,南京國民政府
2945,明朝
2946,武器設計製造
2947,2002年
2948,沒有
2949,50個
2950,1830年開通的英國利物浦及曼徹斯特鐵路而建的。今日在曼徹斯特，利物浦路車站被保留作為科學博物館
2951,冬無嚴寒
2952,1874年
2953,西匈奴語支
2954,金泳三
2955,體重過輕了5磅
2956,新生代
2957,蒙太古-切姆斯福德改革
2958,國防報告書》
2959,成吉思汗
2960,電動機
2961,承辦五大宗教外其他宗教業務
2962,國際聯盟歷時26年，後來被1946年4月20日成立的聯合國所取代。此外，聯合國
2963,內需市場
2964,高商業價值
2965,翻版金日成
2966,啟德機場
2967,澳大利亞
2968,日本
2969,希伯來語
2970,...
2971,汽運
2972,石窟藝術
2973,鍾祥蘭台宮
2974,朝鮮
2975,1972年
2976,布里斯托鎊
2977,兩天
2978,喀喇汗國
2979,英國將颶風戰鬥機
2980,黨內上層
2981,1932年
2982,1952年
2983,埃及
2984,1986年
2985,釣魚臺
2986,紐科門
2987,村民委員會
2988,猶太會堂
2989,三菱長崎造船廠
2990,《韓國憲法》
2991,岳家軍
2992,宿衛軍由怯薛和侍衛親軍構成，其中怯薛軍保留自成吉思汗創立的四怯薛番直宿衛，常額在萬人以上，元朝功臣博爾忽、博爾朮、木華黎、赤老溫或其後人充任怯薛長。在戰爭中，怯薛則是全軍的中堅力量，被稱之為「也客豁勒」；侍衛親軍
2993,道元禪師
2994,1637年
2995,前趙
2996,北人黨
2997,民國26年上半年
2998,中東
2999,一次世界大戰時期
3000,大朝鮮國
3001,鋼筋混凝土
3002,地球或一些區域上一切生命和非生命的事物以自然的狀態呈現
3003,1171年
3004,《日韓合併條約》
3005,羽柴秀吉
3006,殖民
3007,民國四十三年
3008,第48屆日本眾議院議員總選舉
3009,魏源
3010,保祿六世
3011,阿拉伯宗教
3012,英治時期，只是名稱有所變動，主要是將原「布政司署」改稱為「政府總部」；「決策科」改稱為「決策局」、「資源科」改稱為「資源局」。其時共有13個
3013,印度-雅利安語言
3014,元帝不重視科舉
3015,博克施道夫戰役
3016,艾瑪·史東
3017,1629年
3018,第三產業
3019,自轉軸的兩極
3020,德宏州
3021,25個
3022,喬治·史蒂芬
3023,黃金時期
3024,華北平原
3025,振州
3026,卡拉卡爾帕克族
3027,李時珍
3028,舊莫比爾
3029,古羅馬
3030,辛亥革命
3031,六十年代
3032,十年
3033,穆斯林
3034,直隸總督
3035,六四天安門事件
3036,周恩來
3037,《北京條約》
3038,1976年
3039,1959年
3040,第二產業
3041,國民議會
3042,馬鈴薯
3043,主動方
3044,生活部
3045,歐洲工業文明崛起後特殊的文化現象
3046,43人
3047,冷戰格局的結束和世界東西方關係的緩和
3048,300公釐
3049,廖內省
3050,南宋洪邁
3051,淮安區
3052,左手的大拇指
3053,中共中央書記處
3054,2002年
3055,50%，大陸為[UNK]
3056,西里爾字母
3057,荷蘭人在台灣西南部的殖民勢力
3058,中國共產黨紀律檢查機關
3059,第五大
3060,「契約經濟
3061,水運
3062,河本大作大佐
3063,為了保護蒙古人地位
3064,工農業
3065,資本主義
3066,四品
3067,金正恩
3068,不贊同這個計畫
3069,戰勝國
3070,清朝
3071,民主黨
3072,1871年1月18日
3073,劉少奇
3074,90年代
3075,溫尼伯國際機場
3076,瑞士
3077,國家統治者透過集體利益性的方式，達到社會目標的實現
3078,92部
3079,團體
3080,黑龍江礦產資源豐富多樣，以石油、煤炭、金、石墨最為重要。本省
3081,芝諾比亞
3082,官渡區長水村
3083,「八王之亂
3084,中國自治組織的獨立性受到不少的質疑，它們的選舉也是讓人關注的課題。中國立法規定了選舉的自治組織中，以居民委員會
3085,民國29年
3086,全球航運貿易
3087,1969年初，劉少奇患重病，由中南海特派的搶救組予以搶救。1969年10月17日
3088,通化市
3089,康熙帝
3090,烏茲別克斯坦
3091,玉米
3092,樺樹
3093,互補夥伴關係
3094,2006年
3095,1970年代初期
3096,烏托邦思想
3097,沒有戰鬥機護航
3098,馬加人
3099,1938年
3100,巴西隊
3101,製導合一
3102,足式臀位
3103,駱克道
3104,71.7公里
3105,席哈克略皇帝首次讓希臘語取代拉丁語，成為帝國的官方語言，使得東羅馬帝國成為不同於古羅馬帝國和西羅馬帝國的國家。在476年西羅馬帝國
3106,神經源性
3107,廣電總局
3108,十三翼之戰
3109,蔣介石
3110,查理檢查站
3111,通惠河
3112,雲貴高原
3113,喀喇汗國
3114,1914年
3115,紅衫軍運動
3116,1371年，元朝遼陽行省平章劉益降明
3117,烏來區
3118,綠窗口
3119,連續函式的訊號
3120,希臘文化
3121,幽州
3122,過多不同族裔分據各方的政局，仍然有動盪不穩定的隱憂
3123,第一次直奉戰爭
3124,1970年代
3125,相聲
3126,都察院左[UNK]都御史
3127,周恩來
3128,貴霜帝國
3129,1956年
3130,南海縣
3131,《華府風雲》
3132,韓國
3133,元世祖過度漢化、違背祖宗成法
3134,60米
3135,李東陽
3136,1916年
3137,100%
3138,天空的角動量
3139,印度教
3140,第一座青天白日勳章
3141,尼古拉杜霍寧
3142,浙江紹興浙軍第二旅第六團第三連當見習官
3143,以適應對外開放的需要
3144,信陽市
3145,1782年
3146,1867年
3147,日本武士時代
3148,武漢水利電力大學
3149,貝爾格勒
3150,豐田汽車
3151,政府財政撥款
3152,1918年
3153,1972年
3154,柴油
3155,巴拉馬利波
3156,提奧多
3157,有絲分裂
3158,斯特堡
3159,拉丁字母
3160,二氧化碳
3161,1987年
3162,《三國演義》
3163,黃琪翔
3164,中國人民銀行
3165,都市
3166,特洛依騎士
3167,2016年
3168,土地改革
3169,私立大學
3170,法蘭西公學院
3171,周恩來
3172,1739年
3173,帝國自由城市
3174,《開槍射擊令》
3175,主教路小學
3176,商業
3177,忻城縣
3178,東側
3179,田春蔚
3180,冬季奧運會
3181,引號
3182,農礦部
3183,艾薩克·牛頓
3184,馬薩諸塞州
3185,4世紀
3186,第一個階段
3187,波蘭
3188,麗貝卡·布蘭克
3189,《義勇軍進行曲》作為國歌唱了17年。在1966年開始的「文化大革命」中，田漢被打成「右派」，於1968年含冤去世。其作品亦被認為有「政治問題」，所以禁止演唱用田漢作詞的《義勇軍進行曲》，《東方紅》
3190,太平洋戰爭
3191,公元前37年
3192,同化政策
3193,莫敦梅
3194,北京
3195,1942年末
3196,巴洛克風格
3197,軸心國武裝
3198,4年
3199,前2世紀
3200,俗世
3201,受貨幣經濟影響
3202,后妃傳
3203,1967年
3204,曼努埃爾
3205,西班牙人
3206,31個
3207,新傾向派
3208,新北市
3209,西引
3210,拉彼魯茲
3211,奧圖·普萊明傑
3212,1235年
3213,水色
3214,新店區
3215,韋利奇科·迪米特羅夫·克林
3216,2015年6月
3217,天主教
3218,新北市
3219,量子光學
3220,加勒比海
3221,1929年
3222,高麗
3223,無可解答
3224,格爾拉赫峰
3225,聯合國安理會166號決議
3226,客車整備
3227,1.6萬人
3228,江北地區
3229,希臘文化
3230,19世紀
3231,中山
3232,君士坦提烏斯
3233,林以
3234,倭國
3235,1949年
3236,第四次十字軍東征
3237,會長
3238,稅務局
3239,昆明巫家壩國際機場
3240,豐田汽車
3241,兩棲動物
3242,國務院、中央軍委議事協調機構，負責全國邊海防工作
3243,混合草原草原
3244,1955年
3245,馬爾吉特
3246,13世紀
3247,素描圖
3248,傑羅姆萊特文
3249,漢族
3250,24位市民代表，東區選區7席
3251,亞美尼亞高原
3252,中華民國實業部
3253,軍事科研
3254,中國共產黨紀律檢查機關
3255,大雨
3256,民主黨
3257,1636年四月
3258,[UNK]隱之心
3259,法國獲勝
3260,文化大革命
3261,公元第二世紀
3262,第八航空軍
3263,礎為乞顏部族的首領鐵木真於1206年統一漠北諸部族後建立的大蒙古國
3264,漢朝軍事壓力
3265,1926年
3266,2013年1月1日
3267,鄧小平
3268,民國39年
3269,華萊士
3270,緻密的恆星風
3271,1998年縮水7%之後，在1999年迅速增長9.5％。2001年8月15日，韓國的外匯儲備已由危機時的39億美元
3272,經濟大恐慌
3273,民國元年
3274,1909年
3275,1233年史彌遠死後
3276,2015年
3277,卡佩爾戰爭
3278,全球資訊網
3279,教會法學博士
3280,維多利亞湖
3281,《關於托勒密和哥白尼兩大世界體系的對話》
3282,蔡英文
3283,台北曲藝團
3284,朱文圭
3285,巴夏禮
3286,廣島市
3287,監理會
3288,毒品
3289,韓國網速每秒流量為14百萬位元／秒，是全球平均網速的約7倍，而美國50個州中網速最快的德拉瓦州
3290,增加了就業人口
3291,1891米
3292,馬來西亞
3293,烏爾蘇拉
3294,92%
3295,李算
3296,秋明州
3297,2007年3月16日物權法
3298,馬林諾夫斯基
3299,1651年
3300,成吉思汗
3301,劉義宣
3302,制度
3303,蔣中正
3304,人民幣
3305,1971年
3306,1282年
3307,爭取速度上的優勢
3308,入聲字最早被認為在元朝官話消失。文字通用漢文與蒙古的八思巴字。八思巴文是元世祖時由國師八思巴根據當時的吐蕃文字
3309,小高加索山脈
3310,不同形式的制服
3311,明朝
3312,動物脂肪
3313,區劃道路
3314,奈及利亞
3315,1955年
3316,976毫米
3317,君士坦丁堡
3318,路易·菲利普國王
3319,相聲瓦舍
3320,1912年
3321,1903年
3322,鐵
3323,伊斯蘭教
3324,9世紀
3325,特別警察部隊
3326,內蒙古自治政府
3327,獅子外型
3328,宋高宗
3329,西莒島青帆村
3330,美元
3331,新恆星
3332,獅子派
3333,乾隆
3334,功利主義
3335,1998年
3336,西班牙
3337,朝鮮民主主義人民共和國元帥
3338,成吉思汗時代
3339,其政體並未完全掌控社會經濟
3340,地中海
3341,1897年
3342,1974年
3343,牡丹峰樂團團長
3344,君士坦丁八世
3345,排水良好
3346,1949年
3347,岳飛
3348,劉牢之
3349,35名
3350,卓袱
3351,五分之四
3352,福建華僑
3353,民族主義復活
3354,德國
3355,國語
3356,集安
3357,1970年
3358,純的硫
3359,福特汽車
3360,五年
3361,瓜拿納樹
3362,特瓦族
3363,髒層
3364,加壓
3365,遺傳物質
3366,民意
3367,海什木
3368,2006年
3369,中晚始新世
3370,莫里斯哈勒
3371,哈羅德•金頓
3372,不列顛印度軍隊
3373,1932年
3374,人口較南方多出許多
3375,1964年
3376,通俗科幻小說雜誌
3377,法語
3378,政治主張
3379,國際園藝家協會
3380,合肥市政府
3381,理查特里維西克
3382,一線天目前仍屬重要軍事基地
3383,彌爾
3384,《續資治通鑑長編》卷323宋元豐五年二月己巳條
3385,幽默
3386,無量山
3387,唐開元二十六年
3388,紐奧良
3389,滬杭鐵路上海站
3390,現代主義
3391,1961年
3392,計劃經濟體制
3393,英國
3394,田漢
3395,模特兒
3396,1284年
3397,民國23年
3398,悉曇體
3399,1990年
3400,2005年3月20日
3401,15%
3402,路易十三
3403,特蒙代爾
3404,1935年
3405,土邦王公在無直系繼承王位的情況下，土邦直接納入東印度公司的統治之下
3406,伊利諾州
3407,公元前240年
3408,漢諾瓦
3409,性犯罪
3410,地質作用
3411,信陽長台關編鐘
3412,1960年代
3413,深水?
3414,忽必烈
3415,老腳踏車
3416,巴西爾二世
3417,至元十八年
3418,查布漢裝甲
3419,德川家康
3420,哈大客運專線
3421,黑土地
3422,佛教
3423,恰克圖條約
3424,熱帶雨林氣候
3425,槍擊案
3426,歐斯納布魯克城堡
3427,沈葆楨
3428,協助自殺
3429,東漢時期
3430,美國[UNK]電視台
3431,1985年
3432,7980年
3433,1995年
3434,11世紀
3435,張決心
3436,1931年
3437,歐」型恆星
3438,五權憲法
3439,天皇
3440,2014年
3441,補抽鄉
3442,股份制
3443,2013年5月12日
3444,多用途導彈
3445,1976年
3446,「你吃飯了嗎？」
3447,15個
3448,宋公
3449,希洛分基地
3450,漢地大都
3451,康熙
3452,景星殿
3453,雨果
3454,鄧小平
3455,不少
3456,克拉科夫及立陶宛大公國首都維爾紐斯之間的中心地帶，華沙成為了聯邦的首都，1596年波蘭國王齊格蒙特三世將宮庭遷出克拉科夫
3457,民國時期
3458,西部片
3459,雜交帶
3460,1990年代
3461,《魔戒》
3462,1978年
3463,儒家思想
3464,1月1日
3465,12架
3466,廣西廣府人
3467,1897年
3468,總理
3469,1998年
3470,正中元年
3471,完成了內部自治的體制
3472,倭王權
3473,中環
3474,1991年
3475,約瑟夫
3476,大部分的時間都在國外生活
3477,正拍擊球
3478,大爆炸理論
3479,新南威爾斯學校
3480,政策
3481,《東方紅》
3482,中華人民共和國
3483,朱棣
3484,炮兵
3485,軍隊士兵主要由穆斯林和印度教徒構成
3486,亞俄
3487,東漢
3488,1941年
3489,生命線類的協談電話
3490,機場快線
3491,麥茨要塞
3492,閩中海錯疏》；清代數學家李善蘭發明了對數微積分，並在組合恆等式方面提出李善蘭恆等式，發表了《考數根法》，是質數論方面最早的著作
